id,source_doc,section,claim_text,verification_method,result,evidence_path,notes
CLM-01,PRD.md,5. Relational Database Schema,"17 relational tables in master schema",Static migration parse & information_schema count,FAIL,audit/evidence/migration_table_count.txt,"Migrations define 25 tables, including overlapping tables like login_attempts/auth_attempts and jobs vs opportunities"
CLM-02,PRD.md,1.1 Current Implementation Status,"Zero design lint warnings (node scripts/lint-design-system.mjs)",Static linter execution,FAIL,audit/evidence/lint_design_system.txt,"Linter reports 47 uppercase and contrast warnings across src/"
CLM-03,PRD.md,1.1 Current Implementation Status,"Zero TypeScript errors via npx tsc -b --noEmit",Static compiler execution,PASS,audit/evidence/tsc_output.txt,"tsc -b --noEmit exits with code 0"
CLM-04,PRD.md,1.1 Current Implementation Status,"Heavy mock data files (mockData.ts) are dynamically imported conditionally on import.meta.env.DEV, ensuring production client bundles remain lightweight and free of dummy demo data",Static bundle analysis of dist/,FAIL,audit/evidence/prod_bundle_mock_data.txt,"mockData.ts is statically imported by DataContext.tsx and MessagingPage.tsx; Vite warning INEFFECTIVE_DYNAMIC_IMPORT emitted; mock emails embedded in dist/"
CLM-05,PRD.md,1.1 Current Implementation Status,"Production bundle verification passes with zero test credentials or leaks",node scripts/verify-prod-bundle.mjs,PASS,audit/evidence/verify_prod_bundle.txt,"verify-prod-bundle.mjs passes, but only checks for two specific regexes (482910 and DEMO_PERSONA_ACCESS)"
CLM-06,architecture.md,5. Security & Defensive Engineering,"5 consecutive failed login attempts trigger a 15-minute temporary lockout via auth-login-guard",Static review of edge function & direct GoTrue HTTP POST,FAIL,audit/evidence/auth_login_guard_bypass.txt,"Edge function checks email hash only without IP binding (allows DoS lockout). Direct GoTrue POST /auth/v1/token bypasses edge function completely"
CLM-07,PRD.md,4.1 Row Level Security,"All tables enforce ENABLE ROW LEVEL SECURITY and FORCE ROW LEVEL SECURITY",SQL query pg_class.relrowsecurity and relforcerowsecurity,FAIL,audit/evidence/deep_migration_analysis.txt,"1 table (message_reports) lacks ENABLE ROW LEVEL SECURITY; 14 tables lack FORCE ROW LEVEL SECURITY"
CLM-08,PRD.md,4.2 Column-Level Update Protection,"Direct SQL UPDATE on privileged columns (role, is_verified, verification_status, is_active, admin_role) revoked from authenticated and guarded by trigger",Static review of migrations & dynamic SQL test,PASS (provisional / static only),audit/evidence/column_protection_review.txt,"Trigger exists in 20261001000001_backend_hardening.sql; requires dynamic runtime verification against all roles"
CLM-09,architecture.md,4.1 Database Layer,"Direct admin SELECT on chat_messages revoked; admins can only view messages where is_reported = true",Static migration review of RLS policies,PARTIAL,audit/evidence/admin_chat_select_policy.txt,"Doc contradiction: docs state both complete revocation and conditional view. In migrations, P2P Messaging Privacy Policy - Read allows admin read where is_reported = true, but V2 policy restricts to conversation members only"
CLM-10,PRD.md,4.4 Tamper-Resistant Audit Trail,"Audit logs table has all INSERT/UPDATE/DELETE revoked from authenticated; entries write via private.write_audit() with SHA-256 hash chains",Static migration analysis,FAIL,audit/evidence/deep_migration_analysis.txt,"20261003000001_messaging_v2_core.sql line 59 executed GRANT EXECUTE ON ALL FUNCTIONS IN SCHEMA private TO authenticated, re-granting write_audit execution to any user"
CLM-11,architecture.md,4.2 Storage Persistence,"chat-attachments scoped strictly to conversation participants; 60s signed URLs for proof documents",Storage RLS policies & API requests,PENDING_APPROVAL,audit/evidence/storage_policies.txt,"Requires dynamic test to verify cross-user download and signed URL TTL"
CLM-12,PRD.md,1.1 Current Implementation Status,"On /messages route, auto-collapses to 72px icon rail between 1024px-1279px",Puppeteer viewport measurement at 1024x768,PASS,evidence/polish_pass_after/metrics_after.json,"Sidebar width measured at exactly 72px on 1024x768"
CLM-13,design.md,3.12 ThreadHeader,"Height strictly locked to 72px for continuous hairline alignment with conversation list header",Puppeteer DOM measurement at 1920x1080,PASS,evidence/polish_pass_after/metrics_after.json,"Both listHeaderHeight and threadHeaderHeight measured at exactly 72px"
CLM-14,design.md,4.7 Enterprise Messenger,"Max message bubble width strictly restricted to max-w-[70%] (max 504px, yielding <= 80 characters per line)",Puppeteer DOM measurement at 1920x1080,PASS,evidence/polish_pass_after/metrics_after.json,"Max bubble width measured at 504px"
CLM-15,design.md,3.13 Composer,"Focus architecture: Container uses focus-within ring with zero default border; inner textarea is completely transparent with style={{ outline: 'none' }}",Puppeteer focused screenshot & computed styles,PASS,evidence/polish_pass_after/student_1920x1080_composer_focused.png,"Inner textarea has outline 0px and boxShadow none; outer container displays single 2px black ring"
CLM-16,architecture.md,5. Security & Defensive Engineering,"Mentorship requests track seenAt timestamp to prevent false positive badge counts",Puppeteer measurement of sidebar mentorship badge,PASS,evidence/polish_pass_after/metrics_after.json,"Mentorship badge evaluated to null (phantom badge cleared)"
CLM-17,PRD.md,5. Relational Database Schema,"recruiter read on resumes bucket",Storage policies review,FAIL,audit/evidence/resumes_bucket_policies.txt,"Role 'recruiter' does not exist in user_role enum ('student', 'alumni', 'faculty', 'admin')"
CLM-18,design.md,1.1 Core Principles,"Cumulative Layout Shift = 0 across all views",Lighthouse / Puppeteer CLS metrics,PENDING_APPROVAL,audit/evidence/cls_metrics.txt,"Requires Lighthouse audit run on staging environment"
CLM-19,design.md,1.1 Core Principles,"#9CA3AF strictly banned for text except quiet tombstones and disabled placeholders",Static grep of src/ & design linter,FAIL,audit/evidence/contrast_scan.txt,"Multiple instances of text-[#9CA3AF] exist across components"
CLM-20,architecture.md,5. Security & Defensive Engineering,"Embedded generate200MessageThread export in DEV mode for scroll testing",Runtime toggle in MessagingPage & visual verification,PASS,evidence/polish_pass_after/student_1920x1080_benchmark_200.png,"200-message benchmark toggle loads and renders clustered messages cleanly"
CLM-21,architecture.md,4.1 Database Layer,"Message length limit strictly enforced at 4000 characters",Static migration review of chat_messages constraint,FAIL,audit/evidence/deep_migration_analysis.txt,"Actual database CHECK constraint is char_length(content) <= 2000, not 4000"
CLM-22,architecture.md,5. Security & Defensive Engineering,"Max 4 files per send",Static migration review of message_attachments & send_message_v2,FAIL,audit/evidence/deep_migration_analysis.txt,"send_message_v2 limits to jsonb_array_length(p_attachments) > 5; documentation states max 4 files"
