id,area,title,claim_or_requirement,method,result,severity,evidence_path,impact,recommendation,effort,owner_suggestion
FND-01,Auth/Security,Direct GoTrue Password Grant Bypasses auth-login-guard Lockout,CHK-SEC-01: Lockout enforced by server regardless of entry point,Static analysis of supabase/functions/auth-login-guard/index.ts and GoTrue endpoints,FAIL,High,audit/evidence/auth_login_guard_bypass.txt,Attackers can bypass the 15-minute brute-force lockout by issuing POST /auth/v1/token?grant_type=password directly to Supabase Auth API,Implement native Supabase Auth Hook (before-user-sign-in) or configure pg_net / postgres database trigger to enforce lockout at the DB level,M,Backend Security
FND-02,Auth/Security,Lockout Denial of Service via Email-Only Hash,CHK-SEC-02: Key is email+IP and no unauthenticated account lockout,Static analysis of auth-login-guard/index.ts,FAIL,High,audit/evidence/auth_login_guard_bypass.txt,Edge function queries auth_attempts strictly by email_hash without IP binding. Any unauthenticated caller can lock out legitimate students or faculty,Bind lockout attempts to IP address and client fingerprint; add progressive CAPTCHA instead of hard account denial,S,Backend Security
FND-03,Auth/Security,Privilege Escalation in accept-admin-invite Edge Function,CHK-SEC-15: Accepting for different email & caller validation,Static analysis of supabase/functions/accept-admin-invite/index.ts,FAIL,Critical,supabase/functions/accept-admin-invite/index.ts,Function accepts arbitrary userId in JSON body without authenticating caller JWT or verifying userId matches invite.email. Any user with a leaked/intercepted token can elevate themselves to admin,Verify caller auth.uid() against invite.email in database,S,Backend Security
FND-04,Security/Storage,Recruiter Role Referenced in Resumes Bucket Policy Does Not Exist,CHK-ST-01: Storage policies valid and non-permissive,Static schema review of user_role enum and storage policies,FAIL,Medium,audit/evidence/resumes_bucket_policies.txt,Docs state resumes are accessible by 'recruiter' but the role does not exist in user_role enum. Storage policy may fail or allow unintentional fallbacks,Standardize role definitions in database and documentation,S,Database Architect
FND-05,Build/Performance,Entire mockData.ts Bundled in Production Client Bundle (2.66 MB),CHK-ENG-08: Mock data excluded from dist/,Vite build output & search of dist/assets/*.js,FAIL,High,audit/evidence/prod_bundle_mock_data.txt,Static imports in DataContext.tsx and MessagingPage.tsx prevent tree-shaking; all mock data and student emails are publicly exposed in production assets,Refactor DataContext and MessagingPage to dynamically import mockData only inside DEV guards or extract mock seeds to separate packages,M,Frontend Lead
FND-06,Design System,Design System Linter Fails with 47 Violations,CHK-ST-02: Zero design lint warnings,node scripts/lint-design-system.mjs,FAIL,Medium,audit/evidence/lint_design_system.txt,PRD claims 100% compliance with zero warnings. Reality shows 47 uppercase and contrast warnings across components,Refactor uppercase headings to use <Eyebrow> primitive or remove uppercase utility classes,M,Design Engineer
FND-07,Dependencies,High Severity Vulnerability in sheetjs/xlsx,CHK-ST-14: npm audit zero high/critical vulnerabilities,npm audit --json,FAIL,Medium,audit/evidence/npm_audit.json,"Direct dependency xlsx@^0.18.5 has known Prototype Pollution and ReDoS. Context: currently used for export only so practical risk is low, but poses High risk when alumni CSV import is activated",Replace sheetjs/xlsx with modern maintained alternatives (e.g. exceljs or papaparse for CSV only),M,Frontend Lead
FND-08,Security/Headers,Content Security Policy Uses unsafe-inline and Lacks HSTS,CHK-ST-13: Security headers in vercel.json,Static analysis of vercel.json,FAIL,Medium,vercel.json,CSP permits 'unsafe-inline' for scripts and styles; Strict-Transport-Security (HSTS) is completely missing,Introduce cryptographic nonces for Vite scripts and add HSTS with max-age=31536000,S,DevOps
FND-09,Docs/Architecture,Table Count Discrepancy (25 Actual vs 17 Claimed),CLM-01: Master relational table count,Static migration parse,FAIL,Low,audit/evidence/migration_table_count.txt,Docs claim 17 tables; migrations define 25 tables with redundant legacy tables (login_attempts vs auth_attempts; jobs vs opportunities),Consolidate deprecated tables and update architecture documentation,M,Database Architect
FND-10,Security/Schema,Unintentional Grant of private Schema Functions to Public/Authenticated,CHK-ST-03: Function execution grants,Static analysis of 20261003000001_messaging_v2_core.sql line 58-59,FAIL,Critical,supabase/migrations/20261003000001_messaging_v2_core.sql,GRANT EXECUTE ON ALL FUNCTIONS IN SCHEMA private TO authenticated anon inadvertently exposes private.write_audit() allowing arbitrary callers to inject forged audit logs,Revoke execute on private schema from authenticated and anon; grant execute only to specific helper functions like is_conversation_member(),S,Backend Security
FND-11,Security/Schema,message_reports Table Lacks Active RLS (ENABLE ROW LEVEL SECURITY Missing),CHK-ST-01: RLS enabled and forced on every table,Static analysis of 20261001000001_backend_hardening.sql line 564,FAIL,Critical,supabase/migrations/20261001000001_backend_hardening.sql,Migration executes FORCE ROW LEVEL SECURITY but omitted ENABLE ROW LEVEL SECURITY. In Postgres FORCE has no effect if RLS is not enabled; table may expose all reported message snapshots to any authenticated caller,Execute ALTER TABLE public.message_reports ENABLE ROW LEVEL SECURITY and add explicit admin/moderator-only SELECT policies,S,Database Architect
FND-12,Security/RLS,Legacy Direct INSERT Policy on chat_messages Bypasses V2 Validation and User Blocks,CHK-ST-02: Legacy policies and RPC leftovers,Static analysis of 20260916000002_rls_policies.sql vs 20261003000001_messaging_v2_core.sql,FAIL,High,supabase/migrations/20260916000002_rls_policies.sql,Old policy 'Users can send messages' was never dropped when V2 RPC was introduced. Authenticated users can insert directly into chat_messages bypassing user_blocks and conversation membership,Drop legacy INSERT policy and revoke direct INSERT on chat_messages from authenticated; require send_message_v2 RPC,S,Database Architect
FND-13,Security/Git,Credentials Committed in Git History (.env.backup),CHK-ST-10: Secrets in git history,git log --all --full-history -- .env.backup,FAIL,High,audit/evidence/git_history_credentials.txt,Commit 28a6fd2 committed .env.backup containing Supabase project URL and publishable anon key. Although removed from HEAD it persists in git commit objects,Rotate anon key if sensitive and scrub git history using git filter-repo or BFG,M,DevOps
FND-14,Security/Auth,Absence of Multi-Factor Authentication (MFA) for Administrative Console,CHK-SEC-16: Admin hardening & MFA,Static check of Supabase config and auth flows,FAIL,High,audit/GAPS.md,Institutional admin console with super-admin powers has no MFA enforcement or step-up authentication before bulk graduation or user deletion,Enable Supabase MFA (TOTP) and enforce step-up auth on admin routes and RPCs,M,Backend Security
FND-15,Architecture/Config,Supabase config.toml Missing from Version Control,CHK-ST-09: Auth and environment config codified,Directory check of supabase/,FAIL,Medium,supabase/,supabase/config.toml is completely absent from git repository. GoTrue settings password policy rate limits and JWT lifetime cannot be reviewed or versioned,Initialize and commit supabase/config.toml with institutional hardening standards,S,DevOps
